<?xml version='1.0' encoding='UTF-8' ?>
<timeLogEntries>
  <time id="1" path="/Sistema de ventas de discos en linea" start="@1660839679407" delta="2" />
  <time id="2" path="/Sistema de ventas de discos en linea/PSP0/Planning" start="@1662048701399" delta="1" />
  <time id="3" path="/Sistema de ventas de discos en linea/PSP0/Design" start="@1662048784198" delta="8" />
  <time id="5" path="/Sistema de almacenamiento de consultorio medico/PSP0/Planning" start="@1662749217537" delta="2" interrupt="4" />
  <time id="6" path="/Sistema de almacenamiento de consultorio medico/PSP0/Planning" start="@1662750073510" delta="8" />
  <time id="7" path="/Sistema de almacenamiento de consultorio medico/PSP0/Planning" start="@1662751803076" delta="30" />
  <time id="8" path="/Sistema de almacenamiento de consultorio medico/PSP0/Design" start="@1662753608623" delta="63" interrupt="1" />
  <time id="9" path="/Sistema de almacenamiento de consultorio medico/PSP0/Code" start="@1662769798712" delta="5" />
  <time id="10" path="/Sistema de almacenamiento de consultorio medico/PSP0/Planning" start="@1662771014625" delta="26" />
  <time id="11" path="/Sistema de almacenamiento de consultorio medico/PSP0/Code" start="@1662772833158" delta="22" />
  <time id="12" path="/Sistema de almacenamiento de consultorio medico/PSP0/Code" start="@1662775252234" delta="31" />
  <time id="13" path="/Sistema de almacenamiento de consultorio medico/PSP0/Code" start="@1662778270526" delta="3" />
  <time id="14" path="/Sistema de almacenamiento de consultorio medico/PSP0/Code" start="@1662781584291" delta="9" />
  <time id="15" path="/Sistema de almacenamiento de consultorio medico/PSP0/Code" start="@1662782458303" delta="18" interrupt="1" />
  <time id="16" path="/Sistema de almacenamiento de consultorio medico/PSP0/Compile" start="@1662783844495" delta="82" interrupt="1" />
  <time id="17" path="/Sistema de almacenamiento de consultorio medico/PSP0/Test" start="@1662788825994" delta="28" />
  <time id="4" path="/Sistema de almacenamiento de consultorio medico/PSP0/Planning" start="@1662749274587" />
</timeLogEntries>
