<?xml version='1.0' encoding='UTF-8' ?>
<timeLogEntries>
  <time id="38" path="/Sistema de almacenamiento de consultorio medico/PSP2/Design Review" start="@1666560269586" delta="10" flag="A" />
  <time id="39" path="/Sistema de almacenamiento de consultorio medico/PSP2/Design Review" start="@1666579664739" delta="31" flag="A" />
  <time id="40" path="/Sistema de almacenamiento de consultorio medico/PSP2/Code" start="@1666581529233" delta="32" flag="A" />
  <time id="41" path="/Sistema de almacenamiento de consultorio medico/PSP2/Code" start="@1666655172161" delta="16" flag="A" />
  <time id="42" path="/Sistema de almacenamiento de consultorio medico/PSP2/Code" start="@1666732025904" delta="69" flag="A" />
  <time id="43" path="/Sistema de almacenamiento de consultorio medico/PSP2/Code Review" start="@1666745976103" delta="86" flag="A" />
  <time id="44" path="/Sistema de almacenamiento de consultorio medico/PSP2/Compile" start="@1666751113593" delta="73" flag="A" />
  <time id="45" path="/Sistema de almacenamiento de consultorio medico/PSP2/Test" start="@1666755520732" delta="4" flag="A" />
</timeLogEntries>
