<?xml version='1.0' encoding='UTF-8' ?>
<timeLogEntries>
  <time id="1" path="/Sistema de ventas de discos en linea" start="@1660839679407" delta="2" />
  <time id="2" path="/Sistema de ventas de discos en linea/PSP0/Planning" start="@1662048701399" delta="1" />
  <time id="3" path="/Sistema de ventas de discos en linea/PSP0/Design" start="@1662048784198" delta="8" />
  <time id="5" path="/Sistema de almacenamiento de consultorio medico/PSP0/Planning" start="@1662749217537" delta="2" interrupt="4" />
  <time id="6" path="/Sistema de almacenamiento de consultorio medico/PSP0/Planning" start="@1662750073510" delta="8" />
  <time id="7" path="/Sistema de almacenamiento de consultorio medico/PSP0/Planning" start="@1662751803076" delta="30" />
  <time id="8" path="/Sistema de almacenamiento de consultorio medico/PSP0/Design" start="@1662753608623" delta="63" interrupt="1" />
  <time id="9" path="/Sistema de almacenamiento de consultorio medico/PSP0/Code" start="@1662769798712" delta="5" />
  <time id="10" path="/Sistema de almacenamiento de consultorio medico/PSP0/Planning" start="@1662771014625" delta="26" />
  <time id="11" path="/Sistema de almacenamiento de consultorio medico/PSP0/Code" start="@1662772833158" delta="22" />
  <time id="12" path="/Sistema de almacenamiento de consultorio medico/PSP0/Code" start="@1662775252234" delta="31" />
  <time id="13" path="/Sistema de almacenamiento de consultorio medico/PSP0/Code" start="@1662778270526" delta="3" />
  <time id="14" path="/Sistema de almacenamiento de consultorio medico/PSP0/Code" start="@1662781584291" delta="9" />
  <time id="15" path="/Sistema de almacenamiento de consultorio medico/PSP0/Code" start="@1662782458303" delta="18" interrupt="1" />
  <time id="16" path="/Sistema de almacenamiento de consultorio medico/PSP0/Compile" start="@1662783844495" delta="82" interrupt="1" />
  <time id="17" path="/Sistema de almacenamiento de consultorio medico/PSP0/Test" start="@1662788825994" delta="28" />
  <time id="4" path="/Sistema de almacenamiento de consultorio medico/PSP0/Planning" start="@1662749274587" />
  <time id="18" path="/Sistema de almacenamiento de consultorio medico/PSP0/Test" start="@1662836078293" delta="39" />
  <time id="19" path="/Sistema de almacenamiento de consultorio medico/PSP0/Postmortem" start="@1662838489199" delta="11" />
  <time id="20" path="/Sistema de almacenamiento de consultorio medico/PSP1/Planning" start="@1664687752148" delta="4" />
  <time id="21" path="/Sistema de almacenamiento de consultorio medico/PSP1/Design" start="@1664688076920" delta="20" />
  <time id="22" path="/Sistema de almacenamiento de consultorio medico/PSP1/Planning" start="@1664689284127" delta="24" />
  <time id="23" path="/Sistema de almacenamiento de consultorio medico/PSP1/Design" start="@1664690708431" delta="67" />
  <time id="24" path="/Sistema de almacenamiento de consultorio medico/PSP1/Compile" start="@1664694765755" delta="28" />
  <time id="25" path="/Sistema de almacenamiento de consultorio medico/PSP1/Design" start="@1664739819556" delta="20" />
  <time id="26" path="/Sistema de almacenamiento de consultorio medico/PSP1/Design" start="@1664742593109" delta="94" />
  <time id="27" path="/Sistema de almacenamiento de consultorio medico/PSP1/Compile" start="@1664748219972" delta="37" />
  <time id="28" path="/Sistema de almacenamiento de consultorio medico/PSP1/Design" start="@1664750457249" delta="61" />
  <time id="29" path="/Sistema de almacenamiento de consultorio medico/PSP1/Code" start="@1664754188539" delta="37" />
  <time id="30" path="/Sistema de almacenamiento de consultorio medico/PSP1/Design" start="@1664756432455" delta="4" />
  <time id="31" path="/Sistema de almacenamiento de consultorio medico/PSP1/Code" start="@1664756699862" delta="20" />
  <time id="32" path="/Sistema de almacenamiento de consultorio medico/PSP1/Code" start="@1664762372682" delta="10" />
  <time id="33" path="/Sistema de almacenamiento de consultorio medico/PSP1/Test" start="@1664764583483" delta="36" />
  <time id="34" path="/Sistema de almacenamiento de consultorio medico/PSP2/Planning" start="@1666050109595" delta="14" />
  <time id="35" path="/Sistema de almacenamiento de consultorio medico/PSP2/Design" start="@1666469923354" delta="77" interrupt="1" />
  <time id="36" path="/Sistema de almacenamiento de consultorio medico/PSP2/Design" start="@1666548115106" delta="4" />
  <time id="37" path="/Sistema de almacenamiento de consultorio medico/PSP2/Design" start="@1666549283187" delta="3" />
</timeLogEntries>
